"Comment Type","Comment"
"Positive","This project is absolutely amazing—great work!"
"Positive","I love how innovative this is; it’s a game-changer."
"Positive","The design is sleek and user-friendly."
"Positive","Fantastic effort, you’ve really outdone yourselves!"
"Positive","This is going to help so many people—thank you!"
"Positive","The attention to detail here is impressive."
"Positive","I’m blown away by the creativity in this project."
"Positive","Such a well-executed idea—kudos to the team!"
"Positive","This is one of the best projects I’ve seen in a while."
"Positive","The functionality is top-notch—super intuitive!"
"Positive","I can’t wait to see where this project goes next."
"Positive","Brilliant concept, brilliantly executed."
"Positive","You’ve set a new standard with this—well done!"
"Positive","The team behind this deserves all the praise."
"Positive","This project has so much potential—I’m excited!"
"Positive","It’s refreshing to see something so well thought out."
"Positive","The quality here is outstanding."
"Positive","This is exactly what the industry needs right now."
"Positive","I’m recommending this to everyone I know!"
"Positive","The vision behind this is inspiring."
"Positive","Every aspect of this project feels polished."
"Positive","This makes my life so much easier—thank you!"
"Positive","The creativity here is off the charts."
"Positive","I’m genuinely impressed by the effort put into this."
"Positive","This project is a breath of fresh air."
"Positive","The execution is flawless—great job!"
"Positive","I can tell a lot of passion went into this."
"Positive","This is a fantastic contribution to the field."
"Positive","The interface is so clean and easy to use."
"Positive","You’ve nailed it with this project!"
"Positive","This is going to make waves—mark my words."
"Positive","I appreciate how accessible this is for everyone."
"Positive","The features are spot-on—exactly what I needed."
"Positive","This project deserves all the recognition it gets."
"Positive","I’m obsessed with how well this works!"
"Positive","The thoughtfulness in this design is evident."
"Positive","This is a huge step forward—congrats!"
"Positive","I can’t stop raving about this to my friends."
"Positive","The performance is incredible—super fast!"
"Positive","This project feels like the future."
"Positive","You’ve made something truly special here."
"Positive","The usability is fantastic—great job!"
"Positive","I’m so glad this exists—thank you for creating it."
"Positive","This is a masterpiece in every sense."
"Positive","The team’s hard work really shines through."
"Positive","This project exceeded all my expectations."
"Positive","I love the simplicity and elegance of this."
"Positive","You’ve created something truly valuable."
"Positive","This is hands-down one of the best I’ve seen."
"Positive","The innovation here is unreal—amazing!"
"Positive","This project is a total win!"
"Positive","I’m so impressed by the quality of this."
"Positive","This is going to change the game for sure."
"Positive","The features are so well thought out."
"Positive","This project feels like a labor of love."
"Positive","I can’t get enough of how good this is!"
"Positive","The attention to user needs is phenomenal."
"Positive","This is a brilliant solution to a big problem."
"Positive","You’ve hit it out of the park with this one!"
"Positive","The aesthetics are gorgeous—well done!"
"Positive","This project is pure genius."
"Positive","I’m so excited to use this every day."
"Positive","The team deserves a standing ovation!"
"Positive","This is incredibly well-crafted."
"Positive","I love how practical and useful this is."
"Positive","This project sets a high bar for others."
"Positive","The experience is seamless—fantastic work!"
"Positive","This is a dream come true for users like me."
"Positive","The innovation here is truly inspiring."
"Positive","You’ve created a real gem with this."
"Positive","This project is a total triumph!"
"Positive","I’m amazed at how polished this is."
"Positive","The functionality blows me away."
"Positive","This is a must-have—great job!"
"Positive","The creativity here deserves applause."
"Positive","This project is a perfect 10/10."
"Positive","I’m so proud of what you’ve accomplished."
"Positive","This is a fantastic tool—thank you!"
"Positive","The design choices are brilliant."
"Positive","This project feels revolutionary."
"Positive","I can’t praise this enough—amazing!"
"Positive","The effort here is truly commendable."
"Positive","This is a standout project in every way."
"Positive","The user experience is phenomenal."
"Positive","This project is a huge success!"
"Positive","I love how intuitive this feels."
"Positive","This is next-level stuff—congrats!"
"Positive","The quality shines through in every detail."
"Positive","This project is a joy to experience."
"Positive","You’ve made something incredible here."
"Positive","The innovation is mind-blowing!"
"Positive","This deserves all the hype it’s getting."
"Positive","I’m so grateful for this project."
"Positive","The execution is perfection."
"Positive","This is a brilliant piece of work!"
"Positive","I’m thrilled with how this turned out."
"Positive","This project is everything I hoped for."
"Positive","You’ve done something extraordinary!"
"Positive","This is a fantastic achievement!"
"Negative","This project feels half-baked and rushed."
"Negative","The design is clunky and outdated."
"Negative","I don’t see the point of this—waste of time."
"Negative","It’s buggy and crashes way too often."
"Negative","The execution here is seriously lacking."
"Negative","This feels like a cheap knockoff."
"Negative","The interface is confusing and frustrating."
"Negative","I expected so much more from this."
"Negative","The features are underwhelming at best."
"Negative","This project is a total letdown."
"Negative","It’s slow and unresponsive—unusable!"
"Negative","The quality is embarrassingly poor."
"Negative","This doesn’t solve any real problems."
"Negative","The team clearly didn’t test this enough."
"Negative","It’s a mess—nothing works as promised."
"Negative","The concept is boring and uninspired."
"Negative","This feels like it was thrown together last minute."
"Negative","The usability is terrible—nightmare to navigate."
"Negative","I’m disappointed in how sloppy this is."
"Negative","This project is nowhere near ready."
"Negative","The performance is atrocious."
"Negative","It’s overcomplicated for no reason."
"Negative","This is a step backward, not forward."
"Negative","The design looks like it’s from the 90s."
"Negative","I can’t believe this got approved."
"Negative","The hype was all for nothing."
"Negative","This feels like a cash grab, not a project."
"Negative","The functionality is broken half the time."
"Negative","It’s a chore to use this—awful experience."
"Negative","The team dropped the ball big time."
"Negative","This project is a complete disaster."
"Negative","The aesthetics are hideous—yikes!"
"Negative","I wouldn’t recommend this to anyone."
"Negative","The execution is amateurish at best."
"Negative","This is a waste of resources."
"Negative","The idea is stale and unoriginal."
"Negative","It’s riddled with glitches—unacceptable."
"Negative","The user experience is a total fail."
"Negative","This project feels pointless."
"Negative","The quality control here is nonexistent."
"Negative","It’s frustrating to even try using this."
"Negative","The team should be embarrassed by this."
"Negative","This is a textbook example of how not to do it."
"Negative","The features don’t even work properly."
"Negative","It’s a sloppy, unfinished product."
"Negative","This project is dead on arrival."
"Negative","The design is an eyesore."
"Negative","I regret wasting my time on this."
"Negative","The performance issues are unbearable."
"Negative","This feels like a scam—where’s the value?"
"Negative","The interface is a chaotic mess."
"Negative","This project is all flash, no substance."
"Negative","The team clearly didn’t care about this."
"Negative","It’s a buggy nightmare—avoid at all costs."
"Negative","The concept is flawed from the start."
"Negative","This is a huge disappointment."
"Negative","The functionality is a joke."
"Negative","It’s slow, ugly, and pointless."
"Negative","The execution here is laughably bad."
"Negative","This project is a train wreck."
"Negative","The design choices are baffling."
"Negative","I can’t believe this was released like this."
"Negative","The user feedback was clearly ignored."
"Negative","This is a masterclass in mediocrity."
"Negative","The team needs to go back to the drawing board."
"Negative","It’s a frustrating waste of potential."
"Negative","The quality is shockingly low."
"Negative","This project feels like a rip-off."
"Negative","The navigation is a total disaster."
"Negative","It’s a buggy, unusable mess."
"Negative","The hype was a lie—this is terrible."
"Negative","The features are half-implemented."
"Negative","This is a textbook flop."
"Negative","The design is tacky and cheap."
"Negative","I’m baffled by how bad this is."
"Negative","The performance is a dealbreaker."
"Negative","This project is a nonstarter."
"Negative","The team completely missed the mark."
"Negative","It’s a clunky, broken mess."
"Negative","The idea is tired and overdone."
"Negative","This feels like a beta, not a finished product."
"Negative","The usability issues are infuriating."
"Negative","The quality screams low effort."
"Negative","This project is a letdown in every way."
"Negative","The execution is sloppy and careless."
"Negative","It’s a disaster from start to finish."
"Negative","The design is off-putting and dated."
"Negative","I wouldn’t touch this with a ten-foot pole."
"Negative","The team should scrap this and start over."
"Negative","This is a colossal waste of time."
"Negative","The functionality is a complete failure."
"Negative","It’s an ugly, broken mess."
"Negative","The concept doesn’t even make sense."
"Negative","This project is doomed to fail."
"Negative","The performance drags it down hard."
"Negative","It’s a frustrating, pointless endeavor."
"Negative","The team clearly didn’t try with this."
"Negative","This is the worst project I’ve seen in ages."
"Negative","The design is a total catastrophe."
"Negative","I’m shocked at how bad this turned out."